,Battery Capacity (kWh),Energy Consumed (kWh),Charging Duration (hours),Charging Rate (kW),Charging Cost (USD),State of Charge (Start %),State of Charge (End %),Distance Driven (since last charge) (km),Temperature (°C),Vehicle Age (years)
count,1320.0,1254.0,1320.0,1254.0,1320.0,1320.0,1320.0,1254.0,1320.0,1320.0
mean,74.53469170945215,42.64289425435557,2.2693773889553506,25.96300342597954,22.551351747804052,49.130011788009845,75.14158987414282,153.59678773584358,15.263591474000433,3.612843048674008
std,20.62691426831686,22.411704587579184,1.0610368257306468,14.011326366109985,10.751493625497584,24.07413397289255,17.080579631427046,86.00498655946815,14.83121607658404,2.3098236147991638
min,1.5328065298450655,0.0457718422773702,0.0953144165458864,1.4725491393748178,0.2343169936142865,2.3259589947386745,7.604224497783735,0.8623613316018139,-10.724769747493202,0.0
25%,62.0,23.881192998338534,1.397623434056309,13.856583201966796,13.368140591877133,27.786903072267265,62.053265833946135,79.44533452544803,2.8006637688617015,2.0
50%,75.0,42.69140537961698,2.2581360735088314,25.603799331857445,22.076360159476437,48.241771143375125,75.68249590921766,152.25986699080715,14.63084560825131,4.0
75%,85.0,61.20621838430286,3.1128063551041487,37.502998487922895,31.646044010357446,69.27792113994403,88.20137010818914,226.0732843043082,27.98180992482356,6.0
max,193.0030738908944,152.23875799921288,7.635144759342236,97.34225469987976,69.40774319393012,152.48976092167763,177.70866647340375,398.3647747436511,73.16958797465479,11.688592472503668
